username,password
affectedCaribou4,password
importedOtter7,password
truthfulCow8,password
drearyOatmeal7,password
exactingChough5,password
wearyWigeon8,password
importedPear7,password
aboardMandrill6,password
importedDove8,password
dearLeopard6,password
yearningChowder9,password
zestyLlama4,password
curiousPolenta3,password
dearOwl8,password
thriftyBagels1,password
lovesickUnicorn3,password
enragedTacos9,password
cheerfulCamel0,password
lyingRaisins3,password
mereIguana0,password
boastfulOil1,password
chicRuffs8,password
holisticStork0,password
pacifiedTruffle6,password
dopeyCrackers3,password
emptyBuzzard9,password
dearPiglet2,password
gutturalBuzzard4,password
jealousDinosaur6,password
ecstaticPonie9,password
solidPepper1,password
cruelOryx6,password
thrilledGatorade5,password
dopeyFlamingo0,password
somberMagpie8,password
somberLard8,password
needyOatmeal7,password
hushedCardinal9,password
gleefulPonie8,password
truthfulPretzels1,password
artisticTuna4,password
cheerfulOcelot6,password
sadPear7,password
finickySnipe8,password
euphoricSnail8,password
tautLard3,password
excludedOryx8,password
pridefulBasmati0,password
wearyOtter7,password
obsessedPoultry4,password
wingedDingo7,password
wrathfulTortoise5,password
enviousMoth5,password
needfulSeafowl5,password
wingedIcecream9,password
shyWasp9,password
mercifulMuesli7,password
peacefulHawk2,password
sheepishChamois2,password
drearySausage1,password
cheerfulLizard9,password
grudgingIguana3,password
worriedCake3,password
truthfulOrange9,password
jumpyMeerkat7,password
sadKitten0,password
trustingAbalone2,password
grumpySalami8,password
soreBobolink4,password
awedCoati3,password
artisticCrackers8,password
affectedGarlic3,password
lovesickFerret3,password
pleasedEland7,password
peacefulSnipe6,password
empathicFlamingo3,password
wrathfulLeopard6,password
wingedLollies2,password
emptyWasp7,password
needyEagle7,password
superiorChamois6,password
ecstaticWildfowl4,password
solemnCake9,password
relievedCrackers0,password
fondOryx7,password
vengefulFalcon6,password
gutturalHoopoe7,password
resolvedBuck6,password
lovesickGarlic2,password
similarDoves5,password
cheerfulOrange3,password
fondLizard6,password
enviousSnail3,password
sincereOtter9,password
wrathfulEggs0,password
jealousPepper3,password
unhappyGatorade3,password
excitedFlamingo3,password
drearyCow2,password
joyfulLard2,password
sugaryChowder3,password
culturedPretzels2,password
dejectedBoars2,password
bubblyCrackers6,password
similarCrane9,password
eagerSnail7,password
insecureLizard4,password
humorousOrange8,password
pluckyRaisins6,password
peacefulHeron1,password
boastfulClam2,password
vengefulWidgeon1,password
offendedBuck2,password
ardentChough6,password
blissfulLapwing9,password
kindSeahorse1,password
awedLard3,password
lyingToucan3,password
amusedRhino4,password
shamefulCamel1,password
sincereWeaver0,password
worldlyApples6,password
shamefulJaguar4,password
pleasedPepper7,password
giddyTeal8,password
gloomyWhiting7,password
pluckyApricots8,password
innocentBagels8,password
brainyIguana0,password
blissfulBass5,password
aboardBuck9,password
similarWhiting3,password
worldlyLollies5,password
fondPolenta3,password
excludedCaribou5,password
insecurePaella8,password
debonairFalcon8,password
innocentChough2,password
resolvedCrackers6,password
resolvedEggs8,password
truthfulHyena1,password
debonairBustard9,password
humorousTortoise7,password
pluckyDoughnut7,password
insecureMeerkat0,password
yearningLocust4,password
sincereWhiting1,password
wingedBagels3,password
pluckyBuck4,password
euphoricToucan5,password
crushedPaella3,password
relievedApricots8,password
emptyKitten9,password
grumpyTuna6,password
pluckyOcelot3,password
jealousOatmeal7,password
dearRice3,password
sheepishPear6,password
gleefulCow4,password
finickyWidgeon7,password
culturedBaboon8,password
humorousBuck4,password
pleasedPonie2,password
similarGarlic5,password
aboardBasmati1,password
jealousCoati1,password
thriftyBittern3,password
aloofCheese9,password
guiltyFalcon7,password
adoringLlama2,password
guiltyLizard5,password
jubilantDotterel2,password
aboardSardines4,password
awedPepper3,password
emptyGelding0,password
pleasedLollies8,password
trustingPaella4,password
eagerBoa4,password
culturedWildfowl3,password
somberChough3,password
dopeyTacos4,password
sadVenison8,password
yearningJaguar5,password
gutturalMallard8,password
cheerfulWasp5,password
spiritedLemur1,password
thriftyOcelot4,password
debonairAbalone2,password
grudgingIguana0,password
joyfulJerky9,password
similarTacos6,password
morbidGnu9,password
lovesickCrane7,password
exactingCake5,password
excludedDove2,password
ferventHeron8,password
dopeySyrup1,password
amusedRelish6,password
excludedDingo7,password
dopeyWhiting3,password
sincereSheep3,password
sheepishLizard9,password
pridefulMuesli7,password
excitedWeaver7,password
kindCheese9,password
brainyCow3,password
trustingToucan3,password
blissfulDotterel4,password
adoringCaribou6,password
empathicPepper1,password
amusedCurlew1,password
troubledThrush7,password
mercifulHoopoe5,password
mercifulFalcon5,password
dopeyJerky7,password
hushedQuiche9,password
unhappyWeaver5,password
dejectedPonie8,password
holisticSeafowl7,password
adoringSnipe4,password
needyVenison7,password
alertApples7,password
excitedApricots2,password
sugarySheep8,password
gleefulWigeon7,password
kindBaboon9,password
annoyedMagpie4,password
truthfulSausage5,password
gleefulJerky3,password
thrilledBobolink6,password
mellowSeahorse9,password
importedSalt8,password
sincereCurlew3,password
selfishGarlic2,password
tautMandrill6,password
aloofBuzzard5,password
debonairBuck7,password
fondPie1,password
stressedWildfowl1,password
cautiousCardinal5,password
betrayedSalt5,password
lazySheep9,password
scornfulThrush3,password
murkyBasmati2,password
troubledSeahorse6,password
curiousSeafowl0,password
artisticIguana0,password
ardentSwift7,password
gloomyCake6,password
outlyingSeafowl0,password
debonairRat2,password
jealousMoth5,password
emptyCardinal2,password
betrayedIcecream2,password
finickyDoves7,password
panickyTruffle3,password
brainyFlamingo9,password
goofyTomatoe9,password
brainyOcelot7,password
somberDove1,password
holisticMare9,password
cautiousOrange7,password
jumpyVenison1,password
pluckyCow2,password
resolvedMare3,password
brainySwift3,password
jubilantRat9,password
boredIguana7,password
cynicalDoughnut0,password
artisticCordial1,password
debonairMallard8,password
cautiousSalami5,password
innocentPudding2,password
holisticRuffs1,password
excitedQuiche1,password
boastfulGnu0,password
importedSalami5,password
joyfulCrane8,password
spiritedHare6,password
amazedCaribou9,password
superiorMuesli4,password
guiltyChough5,password
guiltyZebra5,password
jubilantSardines2,password
panickySeagull0,password
obsessedFerret3,password
vengefulDoves7,password
excludedDove9,password
selfishCaviar4,password
ferventTomatoe3,password
pluckyGelding0,password
cynicalSardines2,password
gleefulOtter9,password
pleasedPretzels6,password
amusedBoa4,password
mildDoves7,password
boastfulThrush7,password
soreBustard9,password
insecureAbalone9,password
zestySheep7,password
shyLapwing7,password
blissfulSwift2,password
outlyingPoultry3,password
finickyPaella8,password
brainyBaboon6,password
jealousFish3,password
forsakenBaboon1,password
solemnUnicorn6,password
eagerGelding4,password
offendedCaviar0,password
jealousSeagull4,password
cruelOwl8,password
amusedSnipe4,password
hushedSalt8,password
scornfulCordial3,password
ashamedThrush6,password
insecureEggs5,password
morbidTortoise6,password
insecureLlama9,password
sheepishEland1,password
shamefulLocust0,password
worldlyMoth6,password
lazyDingo0,password
dearShads8,password
empathicAntelope6,password
madTermite6,password
holisticPretzels3,password
panickyBurritos8,password
exactingPear7,password
scornfulMandrill4,password
dejectedPepper8,password
wornoutPonie2,password
blissfulCaviar8,password
betrayedMoth5,password
jubilantCamel4,password
worriedPorpoise7,password
empathicSnail8,password
worriedCake1,password
lovesickGranola5,password
resolvedSeafowl6,password
alertRat4,password
gleefulShads5,password
wingedSwift1,password
crummyToucan5,password
crushedTruffle4,password
joyfulTermite6,password
gleefulMackerel7,password
dopeyPepper8,password
chicGnu9,password
wingedWigeon6,password
gutturalThrush2,password
lazyTortoise1,password
pleasedFish1,password
obsessedIcecream5,password
anxiousHoopoe1,password
adoringSausage3,password
murkyTruffle1,password
emptyBaboon5,password
troubledGranola3,password
jumpyOtter4,password
obsessedStork0,password
madCur6,password
holisticTermite0,password
grudgingStork9,password
sheepishRuffs9,password
ardentEland9,password
offendedMussel8,password
contentMallard6,password
gloomyLion5,password
grizzledSeahorse0,password
crushedBoa2,password
euphoricPiglet5,password
bubblyOcelot7,password
cruelJerky5,password
giddyJaguar0,password
worriedCaribou4,password
aboardBuzzard2,password
aboardSheep2,password
mildLard2,password
ecstaticCod5,password
soreFalcon1,password
giddyThrush6,password
excitedDingo0,password
wearyGatorade4,password
giddyThrush3,password
awedBagels9,password
unhappyPaella4,password
jealousBaboon7,password
solemnFlamingo1,password
relievedHare0,password
sheepishBoars7,password
guiltyTuna5,password
worriedGelding3,password
wrathfulTomatoe7,password
mildPolenta2,password
cruelMuesli9,password
mereMeerkat5,password
chicHyena1,password
relievedCaribou4,password
trustingUnicorn9,password
jumpyOil9,password
bubblyMallard1,password
pacifiedCurlew0,password
abjectGnu5,password
worldlySeahorse9,password
abjectDingo6,password
lyingCurlew3,password
cockyCrane5,password
emptyPie5,password
decimalOil9,password
hushedCockatoo1,password
peskyTeal8,password
soreCow9,password
wingedBuck0,password
debonairSnipe6,password
dopeyLeopard4,password
mildCaviar5,password
boredPaella8,password
trustingChamois2,password
superiorDove1,password
dearMussel2,password
abjectTruffle9,password
relievedEggs4,password
brainyUnicorn2,password
needyThrush7,password
puzzledRice8,password
pluckyUnicorn8,password
tautEagle9,password
peacefulApricots6,password
pridefulSardines5,password
importedMoth6,password
giddyTomatoe2,password
soreWildfowl6,password
enviousLollies4,password
drearyTruffle1,password
goofyLapwing1,password
grumpyZebra6,password
troubledOil1,password
mercifulCamel2,password
superiorMuesli0,password
mellowMagpie1,password
goofyGelding3,password
boastfulJerky8,password
shyPolenta4,password
dreadfulLollies8,password
amusedOrange9,password
amazedGatorade6,password
mildLlama1,password
giddyPolenta8,password
giddyPaella7,password
troubledPlover8,password
pacifiedJaguar5,password
jubilantCordial9,password
excitedOwl3,password
scornfulBuck2,password
mereTruffle5,password
thriftyFerret8,password
alertDoves5,password
grizzledRelish1,password
superiorSwift4,password
needfulPiglet9,password
mildSeahorse4,password
cheerfulShads5,password
aloofCoconut2,password
unhappyPaella3,password
shamefulBustard1,password
scornfulLard3,password
thriftySeafowl7,password
alertLard3,password
wornoutBurritos5,password
affectedCoati4,password
pluckyKitten8,password
scornfulAbalone7,password
importedApricots6,password
sugaryStork1,password
affectedRaisins0,password
sadSnail9,password
sadBobolink4,password
humorousGatorade0,password
shyThrushe2,password
stressedCoconut6,password
blissfulTuna0,password
cynicalMacaw8,password
empathicZebra8,password
exactingFerret0,password
thriftyFalcon4,password
peskyApples1,password
dejectedDoves7,password
cockyGnu4,password
cruelSheep5,password
selfishBustard4,password
amusedApples8,password
jubilantTuna0,password
anxiousRaisins7,password
fondChamois7,password
similarGranola7,password
mildTruffle3,password
mereFalcon6,password
amusedHyena7,password
puzzledSalami0,password
blissfulCaviar6,password
tautJerky5,password
affectedFerret5,password
stressedChamois1,password
troubledIguana9,password
pluckyOatmeal9,password
needyMuesli6,password
awedBurritos4,password
troubledPiglet2,password
troubledBurritos6,password
amusedKitten1,password
needfulLizard6,password
amusedTeal8,password
importedTruffle6,password
wearyCoconut5,password
exactingKitten5,password
drearyLard4,password
wingedHeron4,password
ferventCordial2,password
boastfulOtter3,password
cheerfulBasmati7,password
grudgingMandrill7,password
gleefulOil1,password
lazyToucan4,password
puzzledSmelt1,password
worriedBasmati8,password
shyAntelope0,password
mereSyrup4,password
enragedGelding5,password
cautiousTeal9,password
kindPup2,password
wingedHeron7,password
finickySalami9,password
jealousLemur1,password
artisticRat6,password
trustingCow9,password
forsakenPoultry4,password
drearyBuzzard5,password
relievedPup4,password
thriftyMare1,password
shyThrushe7,password
boastfulPepper1,password
innocentSmelt3,password
needyFlamingo2,password
enviousBuzzard7,password
grumpyPup9,password
holisticLlama4,password
mellowWidgeon4,password
exactingCardinal1,password
aloofFerret2,password
cockyLemur0,password
grudgingDinosaur6,password
finickySwift1,password
thrilledIguana0,password
boredLlama3,password
worldlyOcelot3,password
excludedLlama4,password
bubblyBaboon5,password
aloofOryx9,password
solemnPiglet5,password
cynicalClam8,password
finickyOcelot5,password
emptyCrane2,password
solemnMare4,password
pridefulStork3,password
tautRaisins2,password
tautMare2,password
needyIguana4,password
worriedRuffs1,password
debonairPorpoise6,password
relievedPolenta5,password
mereUnicorn7,password
holisticShads8,password
peacefulDinosaur2,password
peskyWildfowl6,password
puzzledGranola8,password
blissfulStork4,password
pacifiedDingo9,password
yearningGelding5,password
morbidOatmeal0,password
relievedCrane7,password
lazyFerret4,password
ashamedTuna2,password
debonairPaella6,password
euphoricBustard6,password
amazedMeerkat7,password
lyingEggs3,password
enviousOwl0,password
culturedIcecream0,password
enviousHare2,password
fondGranola2,password
somberSyrup1,password
forsakenShads8,password
cautiousBoars3,password
betrayedMacaw1,password
annoyedAntelope7,password
obsessedChowder8,password
emptyCake5,password
abjectCoati9,password
fondWigeon7,password
zestyBoa6,password
exactingWeaver0,password
kindLemur3,password
lovesickBoars0,password
panickyGarlic9,password
panickyJerky9,password
dreadfulEggs5,password
betrayedRaisins8,password
dreadfulCaribou1,password
bubblyPretzels6,password
insecureTruffle9,password
pluckyLocust7,password
yearningDove0,password
finickyCardinal4,password
wakefulMoth9,password
affectedPudding4,password
sincereDingo0,password
pleasedIguana1,password
gutturalDunbird2,password
enviousGelding0,password
blissfulCardinal2,password
similarJaguar5,password
thrilledFerret4,password
goofyBustard0,password
scornfulEagle9,password
superiorWhiting2,password
mercifulBittern5,password
gloomyPie3,password
anxiousTuna9,password
importedSyrup4,password
thriftyRuffs5,password
euphoricBuzzard3,password
unhappyEland6,password
unhappyPolenta4,password
wrathfulPolenta3,password
cautiousPudding9,password
worldlyCoconut0,password
pridefulSeagull4,password
needfulBuzzard7,password
kindAbalone1,password
dreadfulPie3,password
insecureCheetah0,password
gleefulHeron0,password
soreDoves5,password
decimalCurlew5,password
mereSalt6,password
exactingSalami8,password
jumpyGarlic9,password
cheerfulIcecream4,password
vengefulZebra6,password
insecureOwl7,password
guiltyWigeon3,password
innocentLocust5,password
amusedDunbird1,password
finickyCow7,password
euphoricHeron0,password
jumpyShads0,password
dejectedOil8,password
finickyBurritos1,password
holisticMuesli7,password
troubledSheep7,password
pridefulJaguar5,password
scornfulFlamingo9,password
amazedPudding9,password
chicApricots7,password
solemnDunbird4,password
wrathfulCake2,password
anxiousSeahorse5,password
kindPolenta4,password
vengefulPolenta5,password
morbidAbalone5,password
mildBittern9,password
alertMoth6,password
goofySwift1,password
decimalMallard3,password
awedSnipe8,password
insecureHare8,password
dopeyMallard8,password
stressedSalt6,password
wearyMagpie1,password
zestySeagull4,password
fondSnipe0,password
forsakenDinosaur9,password
culturedEagle0,password
pleasedPup3,password
fondBuzzard4,password
guiltyLizard9,password
debonairOryx1,password
amusedDotterel0,password
wornoutSmelt6,password
solemnWasp4,password
lyingSnail4,password
boredLapwing4,password
dejectedBaboon0,password
grumpySnail2,password
dopeyOtter7,password
wearyCordial6,password
dopeyDoves5,password
exactingHyena0,password
contentTruffle5,password
thrilledBittern6,password
debonairGranola0,password
excludedThrush4,password
crummySalt0,password
hushedCamel3,password
wornoutBittern4,password
insecureRaisins3,password
crummySeafowl6,password
dopeyDotterel3,password
unhappyLollies7,password
spiritedOil0,password
amazedFlamingo3,password
yearningThrush8,password
fondDinosaur6,password
betrayedJaguar1,password
pleasedWigeon7,password
innocentFish1,password
sheepishTeal1,password
cynicalPonie8,password
cynicalStork0,password
ashamedTeal1,password
crushedCow4,password
amusedGarlic2,password
troubledSheep5,password
mildChamois6,password
joyfulCoati1,password
yearningRuffs8,password
enragedThrush8,password
wakefulOryx5,password
anxiousAbalone1,password
amusedRuffs6,password
pitifulSausage9,password
thriftyMeerkat0,password
outlyingRaisins3,password
enviousBurritos6,password
scornfulWidgeon0,password
crummyTomatoe2,password
lovesickChowder0,password
contentFalcon4,password
humorousTermite3,password
humorousGranola0,password
jubilantDove7,password
needfulPorpoise9,password
debonairBoars7,password
alertFlamingo4,password
alertHawk3,password
pitifulFish5,password
empathicWigeon7,password
betrayedDingo1,password
obsessedCheese4,password
crummyTuna0,password
cautiousLocust0,password
jealousPiglet0,password
spiritedCockatoo4,password
culturedWasp4,password
worriedWhiting3,password
puzzledPiglet2,password
solidMacaw3,password
annoyedOatmeal2,password
mercifulPretzels0,password
solemnCake3,password
aboardApricots5,password
joyfulOwl0,password
annoyedToucan6,password
amusedThrushe6,password
pleasedViper4,password
vengefulCaribou3,password
wearySausage2,password
superiorBoa5,password
thrilledSalt1,password
crushedFalcon3,password
aboardSmelt0,password
worldlyLocust9,password
shyZebra7,password
curiousSheep1,password
ashamedFish2,password
eagerChough3,password
somberMuesli3,password
lovesickPear8,password
sadRhino5,password
decimalBoars5,password
wornoutLocust5,password
cruelChowder9,password
abjectBittern2,password
resolvedHyena6,password
aloofOtter0,password
ecstaticHoopoe4,password
euphoricLeopard1,password
contentMussel0,password
morbidSheep2,password
sadTeal8,password
resolvedSmelt1,password
pleasedTacos1,password
troubledCrane4,password
ardentCrane9,password
worriedCordial8,password
worriedFerret4,password
decimalBass4,password
madOwl7,password
somberLion7,password
exactingPear1,password
needfulGelding8,password
debonairApricots5,password
obsessedOtter2,password
chicLlama1,password
worriedSausage6,password
lovesickCrackers8,password
insecureBasmati0,password
dopeyTermite5,password
enragedChough1,password
importedDingo9,password
soreCurlew3,password
lyingWigeon3,password
gutturalSwift9,password
ardentCheetah9,password
boredGarlic3,password
betrayedRelish0,password
giddyHoopoe1,password
somberToucan8,password
similarCrane0,password
pluckyCaviar8,password
solemnCordial3,password
mereSeagull3,password
sincereFish1,password
hushedFerret1,password
innocentSwift6,password
dejectedLemur4,password
grumpyLocust4,password
madChile0,password
chicIcecream7,password
aboardFlamingo2,password
guiltySeafowl9,password
obsessedWeaver1,password
excludedWasp2,password
resolvedMeerkat8,password
gleefulCow7,password
bubblyTomatoe6,password
alertMacaw1,password
mercifulBittern1,password
chicBass9,password
excitedTeal5,password
pitifulEagle4,password
worriedCod6,password
artisticSalt3,password
somberLion3,password
unhappyOil0,password
adoringCurlew1,password
superiorLion0,password
tautTuna0,password
lovesickIguana0,password
abjectToucan8,password
lyingMacaw3,password
pacifiedDoves7,password
sincereGarlic4,password
innocentEland6,password
affectedRat8,password
madKitten3,password
blissfulSalami9,password
zestyPear0,password
shamefulTeal2,password
mercifulCoati2,password
goofyMoth2,password
trustingSalami4,password
euphoricWildfowl2,password
shamefulBass5,password
superiorWasp9,password
vengefulSalami6,password
zestyHoopoe1,password
adoringBobolink9,password
cockyFalcon1,password
annoyedDove9,password
yearningTeal1,password
finickyThrush8,password
sadThrush3,password
holisticGatorade6,password
ecstaticGatorade3,password
crushedLemur0,password
dopeyCheese2,password
selfishIguana7,password
sadCheese2,password
mildCockatoo8,password
forsakenOwl4,password
panickySalami9,password
awedCheetah1,password
thriftyAbalone7,password
panickyTuna7,password
morbidDoves7,password
obsessedDinosaur3,password
curiousBagels5,password
cynicalMussel8,password
obsessedDove5,password
unhappyTacos6,password
cynicalLeopard1,password
empathicGnu1,password
offendedWhiting0,password
jubilantTuna8,password
dopeyRelish4,password
decimalBass0,password
puzzledDingo0,password
grizzledMandrill6,password
humorousLollies6,password
spiritedMussel2,password
soreDunbird1,password
truthfulBass2,password
gleefulClam8,password
solemnCod6,password
awedRhino5,password
finickyRat0,password
drearyMallard3,password
annoyedApricots1,password
ardentEagle7,password
worldlyPretzels1,password
abjectSyrup3,password
ashamedJaguar2,password
affectedPretzels1,password
worldlyLizard4,password
jumpyMoth0,password
wrathfulPup1,password
gloomyDoves5,password
blissfulBittern8,password
culturedPlover0,password
innocentSnail3,password
wingedSmelt1,password
relievedCurlew4,password
fondBass5,password
emptyMussel4,password
lazyLollies6,password
pluckyRelish5,password
cruelPudding5,password
decimalBuck7,password
wingedLollies8,password
giddyLemur5,password
humorousEagle7,password
decimalRelish9,password
wingedDove8,password
drearySardines5,password
fondDinosaur4,password
pridefulMuesli6,password
offendedCrane9,password
jubilantSausage1,password
thrilledPudding4,password
drearyPaella6,password
insecureCockatoo6,password
outlyingRhino3,password
pacifiedIcecream6,password
outlyingTruffle6,password
joyfulGnu5,password
spiritedMallard7,password
crushedChough0,password
ashamedTomatoe1,password
morbidOatmeal1,password
aloofDingo1,password
worldlyGatorade0,password
culturedClam1,password
jealousCurlew1,password
excludedFerret1,password
lyingMagpie3,password
offendedTruffle3,password
solidHawk8,password
goofyChough4,password
crummyMuesli8,password
enragedPretzels3,password
kindCur8,password
joyfulSyrup0,password
pleasedMackerel0,password
unhappyMacaw1,password
worldlyThrush0,password
alertZebra8,password
forsakenSmelt8,password
peacefulCoconut7,password
curiousHare9,password
boredWhiting9,password
wornoutWeaver3,password
awedPolenta5,password
wearyTermite9,password
morbidTermite0,password
puzzledChowder7,password
empathicMoth8,password
gloomyTortoise1,password
betrayedPoultry6,password
cheerfulBobolink1,password
mereBuzzard4,password
forsakenPolenta9,password
lyingFalcon1,password
sugaryWidgeon3,password
pleasedMuesli4,password
scornfulOatmeal5,password
amazedMoth8,password
resolvedPepper1,password
mereChile9,password
enviousMoth4,password
cheerfulMuesli6,password
chicEggs9,password
boredMallard4,password
boastfulOcelot8,password
peacefulFerret3,password
outlyingCamel4,password
